video_file_name,group_emotion,group_emotion_category,class_emotion,class_valence,class_arousal,event_emotion,event
86_16,8,0,8,0.45759025,0.51495546,9,8
11_17,8,0,8,0.5070197,0.46991748,8,8
325_10,0,2,0,0.42988974,0.45074496,0,0
284_10,8,1,8,0.47932038,0.44508556,7,8
306_12,1,2,1,0.41849062,0.54781437,0,1
268_2,3,1,3,0.41202128,0.36582705,6,3
335_5,8,0,8,0.50081635,0.47735825,5,8
81_1,8,1,8,0.44581556,0.46887085,6,8
55_14,8,1,8,0.49695003,0.47670764,8,8
289_39,2,0,2,0.5513103,0.48053688,7,2
77_4,2,1,2,0.5463256,0.48840982,7,2
298_14,3,1,3,0.39125896,0.46155515,7,3
44_17,2,0,2,0.5881861,0.4602737,4,2
53_36,8,1,8,0.46264595,0.44834545,8,8
289_65,8,0,8,0.48207772,0.48412234,7,8
44_6,8,0,8,0.519231,0.49350262,4,8
162_3,1,2,1,0.38072386,0.5375574,0,1
239_1,2,0,2,0.55005044,0.48731303,6,2
298_4,1,1,1,0.49563366,0.4816661,7,1
306_11,1,2,1,0.45354086,0.56320935,0,1
325_23,1,2,1,0.43106878,0.5267556,0,1
308_10,2,0,2,0.6110666,0.47785652,7,2
325_24,1,2,1,0.4243738,0.5051208,0,1
207_1,8,2,8,0.48104665,0.5209675,1,8
70_30,2,1,2,0.49711275,0.52069134,8,2
289_67,8,1,8,0.48806036,0.442186,7,8
165_3,2,0,2,0.543017,0.5000681,4,2
289_30,8,0,8,0.5171358,0.49254453,7,8
325_47,1,2,1,0.43440917,0.5325844,0,1
145_1,8,0,8,0.5035245,0.4739005,4,8
335_6,8,1,8,0.48459387,0.4819224,5,8
294_48,8,1,8,0.5361398,0.41906935,7,8
308_2,1,1,1,0.4444713,0.51434714,7,1
325_56,2,2,2,0.5127076,0.45308745,0,2
70_9,2,0,2,0.55047333,0.49689797,8,2
298_41,3,1,3,0.44766223,0.4035644,7,3
86_34,8,2,8,0.45995164,0.5291079,9,8
11_1,8,1,8,0.49236703,0.4682304,8,8
335_3,1,1,1,0.42388397,0.5591953,5,1
86_5,8,0,8,0.4612275,0.52016985,9,8
289_49,8,0,8,0.49281818,0.47114122,7,8
53_18,2,0,2,0.54769015,0.48403633,8,2
81_18,8,1,8,0.42994297,0.46948293,6,8
342_1,8,2,8,0.46288854,0.51850843,1,8
159_2,8,1,8,0.463603,0.46861613,0,8
305_3,8,0,8,0.4685812,0.45883396,6,8
55_22,8,1,8,0.44120347,0.50484353,8,8
152_1,8,1,8,0.49232334,0.48275113,2,8
289_20,8,0,8,0.5137734,0.48419917,7,8
289_41,2,0,2,0.5457615,0.476744,7,2
55_18,5,0,5,0.5004365,0.5140552,8,5
289_8,8,0,8,0.51560646,0.45039657,7,8
157_14,8,1,8,0.44259012,0.48849988,0,8
332_3,8,0,8,0.43853903,0.5215443,2,8
5_9,8,0,8,0.5122539,0.40896025,6,8
55_23,1,1,1,0.41941965,0.5625257,8,1
53_7,2,0,2,0.5188509,0.44173425,8,2
53_50,2,0,2,0.6150774,0.5016666,8,2
298_12,3,0,3,0.474728,0.4549997,7,3
150_5,8,2,8,0.47629964,0.43653125,2,8
15_2,8,1,8,0.5191958,0.47702515,8,8
53_38,8,1,8,0.44883624,0.4784208,8,8
45_1,8,0,8,0.498479,0.44283223,8,8
53_32,2,0,2,0.51148593,0.48316205,8,2
306_4,1,2,1,0.4845978,0.54865646,0,1
325_48,1,1,1,0.39788494,0.5088719,0,1
86_35,1,0,1,0.4882214,0.58563185,9,1
125_6,8,2,8,0.411177,0.4112598,5,8
27_9,5,1,5,0.5089137,0.5210783,5,5
320_8,8,0,8,0.48438326,0.46553868,2,8
335_2,1,1,1,0.44887868,0.5434025,5,1
239_3,8,1,8,0.50507,0.41752368,6,8
325_46,1,2,1,0.45050162,0.50785357,0,1
53_29,8,0,8,0.47576454,0.47739655,8,8
99_8,8,2,8,0.48397672,0.52433825,0,8
274_3,8,1,8,0.4632535,0.45761377,6,8
284_3,2,1,2,0.5225273,0.46611232,7,2
53_20,8,1,8,0.49697316,0.44326407,8,8
159_3,8,1,8,0.44822395,0.48780435,0,8
320_1,8,2,8,0.46764627,0.48603046,2,8
27_20,2,1,2,0.59486127,0.44264704,5,2
11_7,2,0,2,0.5317094,0.51105493,8,2
294_23,8,1,8,0.4582141,0.48090833,7,8
53_15,2,2,2,0.5064503,0.49574608,8,2
325_33,1,2,1,0.43558097,0.5267352,0,1
154_5,8,2,8,0.47406402,0.4788102,2,8
305_2,8,0,8,0.48976588,0.44117713,6,8
70_3,2,0,2,0.5040878,0.49158248,8,2
53_43,8,1,8,0.42136335,0.4740153,8,8
81_9,2,1,2,0.5118289,0.37976542,6,2
298_30,1,1,1,0.46573532,0.48250055,7,1
289_62,2,0,2,0.5834608,0.45027125,7,2
325_26,1,2,1,0.4059005,0.5602725,0,1
181_7,3,2,3,0.41678023,0.42760044,0,3
294_34,8,1,8,0.45114827,0.41562492,7,8
284_2,2,0,2,0.55648917,0.48591194,7,2
289_48,8,1,8,0.4805231,0.4698384,7,8
81_8,8,1,8,0.44754046,0.4347545,6,8
298_58,8,1,8,0.44265062,0.49010313,7,8
323_4,8,2,8,0.48068422,0.4713408,2,8
320_4,8,2,8,0.4198697,0.5260592,2,8
289_3,1,0,1,0.4502524,0.5378221,7,1
55_5,8,1,8,0.465139,0.49940485,8,8
212_6,2,0,2,0.5572859,0.45063132,6,2
320_13,8,1,8,0.47613978,0.49933505,2,8
70_6,2,0,2,0.5230547,0.5027641,8,2
294_16,4,1,4,0.38825536,0.5927354,7,4
323_2,8,2,8,0.47945148,0.5047153,2,8
268_7,8,1,8,0.4698402,0.42732006,6,8
298_6,8,1,8,0.4706855,0.4620481,7,8
70_19,8,1,8,0.46427706,0.45074096,8,8
86_29,8,2,8,0.4711377,0.4857918,9,8
294_26,3,1,3,0.40494496,0.44383216,7,3
1_1,8,2,8,0.4374732,0.51059103,9,8
45_8,8,0,8,0.50338054,0.5209813,8,8
289_29,8,0,8,0.49634838,0.46640295,7,8
289_16,8,0,8,0.4889971,0.4951787,7,8
294_10,8,1,8,0.3706458,0.43837103,7,8
289_15,8,0,8,0.5005102,0.50419927,7,8
289_36,8,0,8,0.50913954,0.47278583,7,8
289_34,2,0,2,0.5617002,0.4618945,7,2
306_3,1,2,1,0.4304887,0.5577745,0,1
254_1,8,0,8,0.5166545,0.44349635,4,8
298_22,2,1,2,0.48790574,0.40260667,7,2
298_21,2,1,2,0.49154422,0.42876166,7,2
44_20,2,0,2,0.55011445,0.48082656,4,2
306_17,8,2,8,0.47310647,0.48335743,0,8
81_25,8,1,8,0.47898805,0.44175297,6,8
325_34,1,2,1,0.43261927,0.54012275,0,1
53_21,2,0,2,0.5810117,0.46808648,8,2
298_16,8,1,8,0.39752275,0.48079628,7,8
298_52,8,1,8,0.45126653,0.49953222,7,8
86_37,8,2,8,0.43558162,0.5249043,9,8
53_31,8,1,8,0.4421219,0.4455912,8,8
298_51,5,1,5,0.4244582,0.54175663,7,5
99_9,8,2,8,0.4397255,0.51473826,0,8
115_3,8,2,8,0.49854693,0.4846076,2,8
294_31,3,1,3,0.3951968,0.4198099,7,3
55_15,5,1,5,0.5192486,0.49738255,8,5
54_1,8,1,8,0.5315809,0.42882225,5,8
53_24,2,0,2,0.5222009,0.46811968,8,2
325_21,1,2,1,0.43438613,0.5262431,0,1
53_9,2,0,2,0.5058119,0.436967,8,2
81_7,8,1,8,0.49414515,0.4906394,6,8
325_41,1,2,1,0.4355669,0.5525931,0,1
298_34,3,1,3,0.44168293,0.3965093,7,3
11_13,2,1,2,0.5278044,0.4714593,8,2
165_2,2,0,2,0.58137697,0.5327748,4,2
294_42,1,1,1,0.41020834,0.5581297,7,1
209_12,8,2,8,0.49593928,0.49811608,1,8
289_44,8,0,8,0.4891574,0.4671793,7,8
325_1,8,2,8,0.47161093,0.5111446,0,8
15_4,8,1,8,0.5051142,0.49183026,8,8
44_22,2,0,2,0.56745106,0.47832656,4,2
27_8,0,1,0,0.5259097,0.5089377,5,0
55_3,8,1,8,0.46754676,0.49173498,8,8
44_29,5,0,5,0.48070794,0.4820639,4,5
159_4,8,1,8,0.40872276,0.4515337,0,8
181_9,3,1,3,0.41089344,0.3739298,0,3
125_2,2,0,2,0.5799733,0.4041143,5,2
212_11,2,0,2,0.5352373,0.491988,6,2
15_5,2,0,2,0.57882553,0.48359323,8,2
222_12,2,0,2,0.55325615,0.47910792,4,2
86_6,8,0,8,0.47712967,0.51050997,9,8
70_8,1,0,1,0.46871758,0.50070274,8,1
222_4,8,0,8,0.5085953,0.48459736,4,8
289_32,2,0,2,0.58187246,0.4646668,7,2
289_42,8,0,8,0.4773875,0.48220712,7,8
294_39,3,1,3,0.35748664,0.44657123,7,3
294_17,4,1,4,0.4310544,0.5675629,7,4
145_4,8,0,8,0.48137188,0.47236258,4,8
159_5,8,1,8,0.43500543,0.48891056,0,8
70_11,2,0,2,0.54081756,0.49052715,8,2
325_20,1,2,1,0.45279366,0.5261334,0,1
335_10,8,1,8,0.47035116,0.46366647,5,8
298_53,8,1,8,0.4253281,0.47419107,7,8
289_53,8,0,8,0.5046736,0.51054114,7,8
268_3,3,1,3,0.3835447,0.4441554,6,3
212_13,2,0,2,0.53113365,0.4557973,6,2
320_10,1,2,1,0.436919,0.5304211,2,1
54_4,5,1,5,0.55517733,0.43298593,5,5
306_15,8,2,8,0.45715886,0.47934166,0,8
145_2,8,0,8,0.5040576,0.4855202,4,8
53_13,2,0,2,0.55536973,0.49181777,8,2
100_1,8,2,8,0.5030892,0.49036223,1,8
325_22,1,2,1,0.40659547,0.52532756,0,1
252_1,8,0,8,0.43567762,0.43803507,4,8
70_20,3,1,3,0.44449687,0.4756428,8,3
325_19,1,2,1,0.40597093,0.5767595,0,1
294_29,2,0,2,0.66552067,0.51871675,7,2
104_3,5,1,5,0.44250196,0.55273515,5,5
81_23,8,1,8,0.47174215,0.45889133,6,8
284_9,2,0,2,0.55673766,0.46498516,7,2
5_5,8,0,8,0.50432336,0.4618685,6,8
289_14,8,1,8,0.43198788,0.53803957,7,8
212_2,2,0,2,0.50924176,0.4695753,6,2
306_7,8,2,8,0.4353287,0.5048832,0,8
86_12,8,0,8,0.51130295,0.5070714,9,8
143_1,8,0,8,0.47108334,0.4489752,5,8
289_40,8,0,8,0.5321108,0.4773478,7,8
298_25,3,1,3,0.4754361,0.4234631,7,3
54_3,2,0,2,0.56412154,0.4325725,5,2
284_8,2,1,2,0.56758726,0.4301263,7,2
222_15,2,0,2,0.53242254,0.5271665,4,2
5_7,8,0,8,0.5106992,0.45236778,6,8
53_14,8,1,8,0.46344334,0.48776963,8,8
70_25,2,1,2,0.51779735,0.5145286,8,2
5_8,8,0,8,0.5179846,0.44570118,6,8
54_16,2,0,2,0.5520243,0.42573825,5,2
289_46,2,0,2,0.53741354,0.46456867,7,2
294_40,2,0,2,0.47792011,0.45919433,7,2
53_11,8,0,8,0.4789046,0.4597918,8,8
53_34,8,1,8,0.4546096,0.44893223,8,8
289_50,8,0,8,0.5225356,0.45379192,7,8
86_39,8,2,8,0.5044031,0.47373343,9,8
308_3,1,1,1,0.42575845,0.49480885,7,1
179_4,8,0,8,0.5064253,0.4432452,4,8
294_4,8,1,8,0.47995192,0.44452316,7,8
5_2,8,0,8,0.50831074,0.4223246,6,8
54_11,8,0,8,0.4867622,0.39298785,5,8
289_37,8,0,8,0.520319,0.49024773,7,8
115_10,8,2,8,0.45927888,0.4669183,2,8
31_2,2,0,2,0.54865474,0.50141585,7,2
306_10,1,2,1,0.4131962,0.5753323,0,1
53_22,2,0,2,0.5159395,0.46774077,8,2
333_4,1,2,1,0.44143164,0.53756166,2,1
298_13,5,1,5,0.4275543,0.50214225,7,5
190_14,8,2,8,0.49331486,0.5054755,0,8
325_4,8,2,8,0.4249703,0.52624255,0,8
27_2,2,0,2,0.63103586,0.47736046,5,2
53_44,8,1,8,0.45577812,0.47072187,8,8
11_10,8,0,8,0.4729285,0.48156855,8,8
86_8,8,0,8,0.51110256,0.51775014,9,8
55_9,4,1,4,0.4187752,0.51147604,8,4
86_43,8,0,8,0.45889178,0.50687975,9,8
298_10,2,0,2,0.5555485,0.46950248,7,2
289_28,8,0,8,0.49833715,0.45839632,7,8
11_16,8,0,8,0.49299824,0.49190784,8,8
209_15,8,2,8,0.4923959,0.5527442,1,8
81_17,8,1,8,0.43326592,0.46525836,6,8
53_3,2,0,2,0.5781959,0.4865971,8,2
298_46,5,1,5,0.4503023,0.5682459,7,5
44_14,2,0,2,0.53032744,0.4591837,4,2
298_39,8,1,8,0.4469547,0.4563011,7,8
86_40,2,0,2,0.5182661,0.5302534,9,2
294_38,8,1,8,0.4179026,0.4726963,7,8
209_1,8,2,8,0.46993038,0.51449114,1,8
5_12,8,0,8,0.5282355,0.44564417,6,8
115_4,8,2,8,0.48006928,0.4644786,2,8
11_9,8,0,8,0.4909057,0.49273175,8,8
294_45,2,0,2,0.6092156,0.44748312,7,2
53_8,2,0,2,0.5370445,0.44050583,8,2
53_49,8,0,8,0.5089852,0.45736352,8,8
44_18,2,0,2,0.49682146,0.42858073,4,2
54_19,8,1,8,0.52424544,0.43470725,5,8
44_2,2,0,2,0.6042396,0.5560291,4,2
70_4,2,0,2,0.52377814,0.4949796,8,2
150_3,8,2,8,0.47192448,0.36076978,2,8
190_12,8,2,8,0.46519434,0.49652785,0,8
289_24,8,0,8,0.51494706,0.4910796,7,8
298_11,5,0,5,0.52176386,0.52973175,7,5
335_9,8,0,8,0.5098847,0.45352095,5,8
289_1,1,1,1,0.42939705,0.5516658,7,1
333_3,1,2,1,0.43086487,0.5558562,2,1
212_5,2,0,2,0.5516429,0.48438436,6,2
11_2,8,0,8,0.502174,0.46521997,8,8
45_10,2,0,2,0.537169,0.48794568,8,2
298_42,8,1,8,0.43640715,0.536803,7,8
44_25,2,0,2,0.5591603,0.47087407,4,2
100_3,8,2,8,0.47396728,0.47980475,1,8
53_2,2,0,2,0.5681386,0.46801344,8,2
53_10,2,0,2,0.5939066,0.45065472,8,2
209_9,8,2,8,0.47584957,0.5087507,1,8
289_26,8,0,8,0.5039262,0.46531925,7,8
325_40,1,2,1,0.40317243,0.5464212,0,1
53_1,2,0,2,0.6087922,0.499785,8,2
53_37,8,1,8,0.44143188,0.45010975,8,8
308_4,1,1,1,0.42880046,0.52098906,7,1
86_3,8,0,8,0.49920574,0.5235567,9,8
212_1,2,0,2,0.54347914,0.497231,6,2
44_4,2,0,2,0.57109916,0.434982,4,2
289_17,8,0,8,0.49837434,0.46995562,7,8
320_16,1,2,1,0.38599408,0.5828353,2,1
294_2,8,0,8,0.4376245,0.4658306,7,8
289_19,8,0,8,0.5151274,0.46907043,7,8
320_14,1,2,1,0.40732443,0.5387015,2,1
306_9,1,2,1,0.39155865,0.6217748,0,1
289_11,2,0,2,0.5687599,0.4735837,7,2
70_21,8,1,8,0.44922644,0.4529005,8,8
159_1,8,1,8,0.46922612,0.4883436,0,8
104_2,5,1,5,0.43050188,0.4339931,5,5
289_9,8,0,8,0.48413008,0.5242294,7,8
294_19,8,1,8,0.49638736,0.46676075,7,8
320_7,8,2,8,0.43926525,0.49086112,2,8
44_13,8,0,8,0.4943624,0.45232478,4,8
104_4,5,2,5,0.41209581,0.48526356,5,5
335_1,8,1,8,0.4832837,0.46230197,5,8
53_35,8,1,8,0.45892364,0.47086436,8,8
294_5,2,0,2,0.5457621,0.42373237,7,2
268_1,8,1,8,0.4605029,0.50383,6,8
325_5,8,2,8,0.45284158,0.5280674,0,8
27_18,2,0,2,0.5752294,0.40699467,5,2
298_36,8,1,8,0.4639416,0.4210382,7,8
325_55,1,2,1,0.41327712,0.5907767,0,1
194_1,0,2,0,0.57980204,0.50395226,0,0
86_47,8,0,8,0.5094484,0.5126555,9,8
199_1,8,2,8,0.41412348,0.49605614,0,8
289_35,8,0,8,0.49016225,0.48302,7,8
289_22,8,1,8,0.5023108,0.45856562,7,8
190_6,8,1,8,0.45299938,0.48278016,0,8
99_3,8,2,8,0.49635893,0.50846976,0,8
209_14,8,2,8,0.50538707,0.49779052,1,8
298_32,8,1,8,0.43629184,0.42397538,7,8
11_6,2,0,2,0.55459327,0.4867579,8,2
289_5,2,0,2,0.5351097,0.57048035,7,2
86_48,8,2,8,0.49192613,0.50581646,9,8
298_40,8,1,8,0.45462993,0.42329234,7,8
289_54,8,0,8,0.49511856,0.47042903,7,8
325_45,1,2,1,0.39564288,0.5765946,0,1
325_29,1,2,1,0.42544466,0.5491166,0,1
294_24,8,1,8,0.47691652,0.40615624,7,8
86_38,8,2,8,0.47521752,0.49113855,9,8
289_64,8,1,8,0.4845559,0.47956952,7,8
346_1,8,2,8,0.50628126,0.49043825,1,8
86_41,8,0,8,0.49733973,0.50826424,9,8
294_11,8,1,8,0.43082127,0.49788892,7,8
289_55,8,1,8,0.49590057,0.4860704,7,8
115_1,8,2,8,0.5008937,0.4918787,2,8
15_6,8,1,8,0.52711964,0.48148486,8,8
45_9,2,0,2,0.5531702,0.49731863,8,2
145_3,8,0,8,0.5062334,0.48094568,4,8
274_2,8,1,8,0.46244958,0.47710636,6,8
209_13,8,2,8,0.500289,0.5083719,1,8
53_16,8,0,8,0.50008696,0.47835764,8,8
86_23,8,2,8,0.46727633,0.4964692,9,8
289_33,8,0,8,0.49744135,0.45131364,7,8
27_13,1,1,1,0.393884,0.48827523,5,1
298_9,8,1,8,0.44130602,0.46786004,7,8
298_20,3,1,3,0.47561565,0.39460352,7,3
70_27,2,0,2,0.5573216,0.50486934,8,2
212_10,2,0,2,0.53111136,0.49803862,6,2
325_28,1,2,1,0.50529563,0.52581275,0,1
86_7,2,0,2,0.5276516,0.5309945,9,2
298_28,8,1,8,0.47433823,0.43525296,7,8
298_44,5,1,5,0.4446538,0.59014505,7,5
86_33,8,1,8,0.47236422,0.5134201,9,8
289_68,8,1,8,0.483755,0.45195878,7,8
294_28,8,1,8,0.4321364,0.46247947,7,8
274_10,8,1,8,0.43036827,0.45630282,6,8
323_1,8,2,8,0.46552762,0.46896774,2,8
83_1,8,1,8,0.49281323,0.4635914,6,8
289_12,2,2,2,0.5374161,0.47331274,7,2
294_1,8,0,8,0.4790454,0.46617413,7,8
306_1,8,2,8,0.45009276,0.5007171,0,8
77_3,2,0,2,0.5919798,0.42394438,7,2
237_3,8,1,8,0.48016655,0.47458604,6,8
306_19,1,2,1,0.41588262,0.5018127,0,1
125_10,2,0,2,0.5730491,0.41908404,5,2
294_12,8,1,8,0.45680758,0.48312917,7,8
54_9,2,0,2,0.5516547,0.42844462,5,2
27_16,1,1,1,0.44000787,0.4654481,5,1
289_59,2,0,2,0.5806265,0.46163836,7,2
298_55,8,1,8,0.5071046,0.46089783,7,8
21_1,8,1,8,0.4603654,0.44985723,5,8
284_12,8,1,8,0.5155003,0.39924943,7,8
53_33,8,1,8,0.45198652,0.46353582,8,8
27_14,8,1,8,0.5127723,0.4920048,5,8
11_14,8,0,8,0.48182094,0.48078835,8,8
320_9,8,0,8,0.4735269,0.4767192,2,8
325_2,1,2,1,0.40749028,0.5417549,0,1
325_54,1,1,1,0.39878204,0.5904962,0,1
70_24,8,1,8,0.48881721,0.45165616,8,8
86_21,8,2,8,0.4465882,0.4685012,9,8
5_13,8,0,8,0.49454916,0.42178285,6,8
27_3,2,0,2,0.5120114,0.5462646,5,2
289_25,8,0,8,0.49485457,0.51534534,7,8
5_18,8,0,8,0.52842635,0.40835556,6,8
86_58,8,0,8,0.51401013,0.49549288,9,8
239_8,2,0,2,0.5567746,0.46799773,6,2
294_8,8,1,8,0.46980757,0.43845642,7,8
55_21,1,1,1,0.39430496,0.53677,8,1
86_24,8,2,8,0.46770704,0.51432335,9,8
162_6,3,2,3,0.3876406,0.50204873,0,3
325_15,1,2,1,0.38479233,0.63295996,0,1
268_4,1,1,1,0.42004496,0.5137415,6,1
289_45,8,0,8,0.48193234,0.48162913,7,8
31_3,2,0,2,0.5467085,0.5047542,7,2
289_10,2,0,2,0.56581795,0.50208795,7,2
289_57,8,0,8,0.51771164,0.46678728,7,8
325_8,0,2,0,0.4141504,0.56943405,0,0
27_17,2,1,2,0.5724297,0.45375744,5,2
86_27,8,2,8,0.46223238,0.53648,9,8
53_42,8,0,8,0.49008664,0.48600298,8,8
325_38,1,2,1,0.40037912,0.53669673,0,1
209_18,8,2,8,0.50302017,0.5177341,1,8
53_48,8,0,8,0.49689656,0.4505849,8,8
254_2,8,2,8,0.5066289,0.4667812,4,8
323_3,8,2,8,0.50196666,0.52138823,2,8
294_21,8,1,8,0.43461877,0.4450046,7,8
298_43,5,0,5,0.50216407,0.5056429,7,5
54_13,2,1,2,0.54644835,0.4420343,5,2
86_31,8,0,8,0.5025654,0.4894204,9,8
86_55,8,0,8,0.50846773,0.5085633,9,8
209_6,8,2,8,0.46925434,0.5010507,1,8
298_8,8,1,8,0.48568115,0.44374913,7,8
294_27,3,1,3,0.4125667,0.4416429,7,3
150_4,8,2,8,0.47127423,0.35913566,2,8
159_9,8,1,8,0.4888575,0.48014802,0,8
159_7,8,1,8,0.5291379,0.476308,0,8
181_2,3,1,3,0.40441236,0.43161273,0,3
11_12,2,0,2,0.5169929,0.4632228,8,2
55_20,5,1,5,0.4408908,0.52234054,8,5
86_4,8,0,8,0.5073031,0.52336615,9,8
298_29,8,1,8,0.49521887,0.43523487,7,8
81_4,8,1,8,0.43429202,0.48855227,6,8
251_5,8,1,8,0.46812576,0.47150013,6,8
284_7,2,0,2,0.59448177,0.4197492,7,2
298_45,5,1,5,0.43628,0.6404846,7,5
298_57,8,1,8,0.45081332,0.4566898,7,8
31_4,2,0,2,0.6261297,0.49437585,7,2
268_5,8,1,8,0.5027482,0.45702118,6,8
53_27,2,0,2,0.5066911,0.46753174,8,2
306_16,8,2,8,0.45775345,0.4933132,0,8
181_4,8,1,8,0.4386636,0.4551652,0,8
154_2,0,1,0,0.5300692,0.48481956,2,0
289_4,1,0,1,0.48942524,0.58277386,7,1
294_3,8,1,8,0.47104418,0.40620434,7,8
53_25,5,0,5,0.51377094,0.50008875,8,5
86_13,8,0,8,0.493694,0.5129949,9,8
70_7,2,0,2,0.5438903,0.5067978,8,2
115_6,8,2,8,0.46834123,0.46872845,2,8
325_14,1,2,1,0.39816815,0.57408756,0,1
325_44,1,2,1,0.40317816,0.5781582,0,1
53_6,2,0,2,0.5448097,0.47038993,8,2
298_48,8,1,8,0.44919166,0.49607962,7,8
55_13,5,1,5,0.51603305,0.5296124,8,5
237_1,8,1,8,0.44079182,0.494507,6,8
298_15,0,1,0,0.4105276,0.47904766,7,0
54_14,8,1,8,0.5092402,0.4216141,5,8
294_18,8,1,8,0.41824242,0.4162169,7,8
143_5,2,0,2,0.52297395,0.41525516,5,2
325_25,3,2,3,0.4324821,0.44703093,0,3
86_30,8,2,8,0.4906096,0.5053344,9,8
5_16,8,0,8,0.5175523,0.41478476,6,8
131_8,3,1,3,0.46624714,0.3779632,5,3
325_57,1,1,1,0.42327613,0.5029539,0,1
239_5,8,0,8,0.47720295,0.4636617,6,8
99_2,8,2,8,0.4915071,0.49723983,0,8
294_7,8,1,8,0.44147342,0.41023892,7,8
298_35,3,1,3,0.42615813,0.4521314,7,3
131_3,8,0,8,0.54675895,0.45070335,5,8
289_7,2,0,2,0.5083238,0.514009,7,2
284_11,8,1,8,0.43979287,0.4747045,7,8
86_19,8,2,8,0.48581606,0.47142658,9,8
289_61,2,0,2,0.55569416,0.4430354,7,2
81_6,2,0,2,0.5624576,0.49590063,6,2
5_11,8,0,8,0.5069757,0.3959981,6,8
254_6,8,0,8,0.49202812,0.46215123,4,8
190_8,8,2,8,0.4586377,0.46981698,0,8
294_20,8,1,8,0.47088322,0.4527316,7,8
99_10,8,2,8,0.47710067,0.5061828,0,8
86_20,8,2,8,0.46949783,0.48020768,9,8
298_17,5,1,5,0.42344263,0.5840281,7,5
53_46,2,0,2,0.48334342,0.4872718,8,2
222_11,2,0,2,0.5663155,0.47504726,4,2
11_4,2,0,2,0.51731,0.49875927,8,2
53_23,2,0,2,0.59216547,0.5157821,8,2
86_49,8,2,8,0.47906983,0.5100192,9,8
306_8,1,2,1,0.42505246,0.5669232,0,1
332_1,8,2,8,0.51742685,0.45290208,2,8
289_18,8,0,8,0.51871467,0.4659375,7,8
251_1,8,1,8,0.44166827,0.47942978,6,8
274_4,8,1,8,0.47321066,0.45181292,6,8
54_18,8,0,8,0.5075749,0.3974137,5,8
306_6,8,2,8,0.466288,0.52388406,0,8
325_52,1,2,1,0.40321085,0.53465533,0,1
298_24,3,1,3,0.503876,0.38350368,7,3
298_37,8,1,8,0.44038552,0.46820265,7,8
325_11,1,2,1,0.44025612,0.5048221,0,1
54_12,2,0,2,0.5608889,0.47102034,5,2
306_5,8,2,8,0.46427774,0.5419914,0,8
284_1,8,1,8,0.42468557,0.43616882,7,8
157_9,8,2,8,0.44146138,0.50964665,0,8
298_33,8,1,8,0.41909903,0.42743173,7,8
81_19,8,1,8,0.49943662,0.44121614,6,8
55_8,1,1,1,0.43475762,0.5552373,8,1
86_10,2,0,2,0.529473,0.5304603,9,2
209_2,8,2,8,0.48087412,0.5132625,1,8
274_5,8,1,8,0.4487959,0.4654219,6,8
70_23,1,1,1,0.43492338,0.5199245,8,1
289_47,8,0,8,0.5228422,0.46946883,7,8
53_40,8,1,8,0.4799379,0.47564858,8,8
86_17,8,2,8,0.46201044,0.50412583,9,8
115_8,8,2,8,0.45982578,0.4630037,2,8
162_1,1,2,1,0.3661938,0.628325,0,1
27_6,2,0,2,0.6109705,0.4885962,5,2
125_3,2,0,2,0.59393513,0.439537,5,2
237_5,8,1,8,0.39997882,0.49113864,6,8
268_6,1,1,1,0.43589306,0.4748427,6,1
179_2,8,0,8,0.47225517,0.4155777,4,8
289_58,2,0,2,0.5679532,0.47184777,7,2
325_49,1,1,1,0.40378067,0.49727058,0,1
298_5,5,1,5,0.5273278,0.5150418,7,5
222_10,2,1,2,0.54132473,0.4824105,4,2
44_12,8,0,8,0.48630548,0.45742697,4,8
179_1,3,0,3,0.4533722,0.44617808,4,3
86_18,8,2,8,0.46385038,0.47415113,9,8
325_9,3,2,3,0.38940278,0.50720114,0,3
320_3,8,1,8,0.4362577,0.5093529,2,8
325_16,1,2,1,0.3728726,0.61233926,0,1
222_18,8,1,8,0.503316,0.508736,4,8
27_4,2,0,2,0.56924915,0.45845196,5,2
53_17,2,0,2,0.5596018,0.46912563,8,2
306_13,1,2,1,0.40637702,0.55574816,0,1
320_6,8,2,8,0.43508112,0.49542347,2,8
306_14,1,2,1,0.42353797,0.554395,0,1
54_10,8,1,8,0.502168,0.41703302,5,8
237_2,8,1,8,0.48354757,0.48076642,6,8
5_10,8,0,8,0.515874,0.42419732,6,8
55_16,8,1,8,0.44851995,0.494183,8,8
11_11,2,0,2,0.5359624,0.47231394,8,2
298_2,8,1,8,0.45835328,0.4477862,7,8
125_1,8,1,8,0.48498753,0.42136154,5,8
199_2,1,2,1,0.42434886,0.49990714,0,1
294_32,8,1,8,0.40600526,0.431741,7,8
181_5,3,0,3,0.4120915,0.41827148,0,3
86_26,8,0,8,0.48186535,0.53657675,9,8
274_1,8,1,8,0.5170206,0.43278158,6,8
294_9,8,1,8,0.3695178,0.43458456,7,8
150_2,8,2,8,0.48000178,0.40518767,2,8
5_17,8,0,8,0.51604354,0.4442683,6,8
15_3,8,1,8,0.5130646,0.46579975,8,8
294_37,8,1,8,0.43287003,0.54765487,7,8
212_9,8,0,8,0.51307845,0.4973988,6,8
44_28,8,0,8,0.49260652,0.4416096,4,8
54_5,2,1,2,0.5362892,0.4486774,5,2
320_2,8,2,8,0.40983135,0.5552441,2,8
157_7,8,1,8,0.42976242,0.49533218,0,8
298_47,8,1,8,0.42363134,0.48877186,7,8
55_19,8,1,8,0.45056233,0.55590856,8,8
179_6,8,0,8,0.4868612,0.40575543,4,8
320_12,8,2,8,0.46920264,0.5139595,2,8
325_31,1,1,1,0.40974873,0.5373343,0,1
325_51,1,2,1,0.42125657,0.5195278,0,1
207_3,8,2,8,0.48154944,0.53939354,1,8
284_4,2,0,2,0.5027774,0.47887427,7,2
305_1,8,0,8,0.47477674,0.45030642,6,8
54_17,8,1,8,0.53388846,0.44970906,5,8
298_26,3,1,3,0.41070515,0.46143135,7,3
11_5,8,0,8,0.5244602,0.46258554,8,8
181_3,3,2,3,0.42215553,0.4232949,0,3
294_15,4,1,4,0.3867273,0.5902811,7,4
289_21,8,1,8,0.49174404,0.4967457,7,8
308_9,2,0,2,0.5842459,0.45593613,7,2
81_14,8,1,8,0.4262955,0.43720132,6,8
125_9,2,0,2,0.5229844,0.41839978,5,2
325_6,8,2,8,0.46145207,0.47249022,0,8
212_12,2,0,2,0.5527575,0.49239933,6,2
298_59,8,1,8,0.45860028,0.48104614,7,8
70_14,2,0,2,0.51318455,0.45957837,8,2
31_5,2,0,2,0.6362574,0.49647218,7,2
154_8,8,2,8,0.4856371,0.4675392,2,8
27_21,2,1,2,0.60361445,0.40650564,5,2
5_3,8,0,8,0.51237965,0.4006825,6,8
86_11,8,0,8,0.5095624,0.5323119,9,8
335_7,8,0,8,0.49094594,0.45625627,5,8
86_44,8,0,8,0.47502908,0.5154264,9,8
115_7,8,2,8,0.45763534,0.45552343,2,8
289_52,8,0,8,0.52287704,0.49016225,7,8
154_9,8,2,8,0.5265137,0.48125392,2,8
325_39,1,2,1,0.4198285,0.55322015,0,1
44_15,8,1,8,0.44103953,0.35,4,8
298_23,3,1,3,0.39029896,0.48105288,7,3
86_42,8,0,8,0.4860726,0.5259055,9,8
308_5,2,0,2,0.5954279,0.48081034,7,2
100_4,8,2,8,0.49380508,0.48730224,1,8
298_54,5,1,5,0.43850854,0.48898965,7,5
212_14,2,0,2,0.5169815,0.47292802,6,2
53_45,8,0,8,0.4638645,0.47394097,8,8
222_7,8,0,8,0.5156776,0.47813958,4,8
294_25,8,1,8,0.39792815,0.4838127,7,8
70_12,2,0,2,0.51262695,0.45997223,8,2
53_41,2,0,2,0.47576624,0.45811018,8,2
131_6,0,0,0,0.4765299,0.44910777,5,0
289_23,2,0,2,0.54131025,0.5627882,7,2
45_5,2,0,2,0.54893106,0.49680856,8,2
11_8,2,0,2,0.55089235,0.50781685,8,2
237_6,8,1,8,0.38585448,0.4865042,6,8
209_7,8,2,8,0.47529167,0.502784,1,8
212_7,2,0,2,0.5765265,0.46730044,6,2
294_46,8,0,8,0.5224794,0.44717574,7,8
54_15,8,1,8,0.5151402,0.413849,5,8
320_11,8,1,8,0.43885872,0.44533497,2,8
31_9,5,1,5,0.5358869,0.504105,7,5
209_5,8,2,8,0.47968328,0.48547336,1,8
325_50,1,2,1,0.42956764,0.4850967,0,1
44_9,2,0,2,0.53218526,0.46152043,4,2
157_16,8,1,8,0.4535422,0.50824726,0,8
86_36,8,2,8,0.4701053,0.51481116,9,8
55_4,8,1,8,0.48752242,0.5363332,8,8
289_2,2,0,2,0.5342796,0.5193512,7,2
222_13,8,0,8,0.49651587,0.49803287,4,8
53_4,2,0,2,0.54348373,0.453627,8,2
308_1,8,1,8,0.45409822,0.4907871,7,8
55_2,8,1,8,0.43833163,0.5220034,8,8
209_8,8,2,8,0.4755553,0.49413157,1,8
298_27,0,1,0,0.42476746,0.5035527,7,0
294_22,0,1,0,0.4826122,0.4892565,7,0
5_6,8,0,8,0.52472925,0.44008577,6,8
70_17,3,0,3,0.42236012,0.44894165,8,3
314_3,8,1,8,0.3738648,0.47107583,3,8
325_37,1,2,1,0.4183401,0.5389724,0,1
5_19,8,0,8,0.52883875,0.40918872,6,8
55_11,8,1,8,0.43969038,0.5499027,8,8
306_21,8,2,8,0.4212166,0.48281837,0,8
325_42,1,2,1,0.40919682,0.57628745,0,1
325_35,1,2,1,0.4444766,0.5488949,0,1
320_15,1,2,1,0.35,0.67499995,2,1
325_36,1,2,1,0.4150806,0.5636058,0,1
31_6,2,0,2,0.62931085,0.46483108,7,2
27_5,2,1,2,0.586267,0.39478636,5,2
53_26,2,0,2,0.52173567,0.4977312,8,2
298_18,3,1,3,0.4243405,0.411769,7,3
154_7,8,2,8,0.5214001,0.4538124,2,8
284_5,2,0,2,0.56121176,0.41132876,7,2
86_56,8,0,8,0.5086268,0.49460593,9,8
212_4,2,0,2,0.5436904,0.46999264,6,2
5_15,8,0,8,0.52002835,0.44283092,6,8
81_13,8,1,8,0.43998516,0.50200427,6,8
44_11,8,1,8,0.4872596,0.4354023,4,8
53_19,8,1,8,0.48099202,0.4617686,8,8
165_1,2,0,2,0.5912086,0.48704955,4,2
251_3,8,1,8,0.40353525,0.44248727,6,8
70_26,8,0,8,0.4482575,0.4716503,8,8
53_39,8,1,8,0.43544167,0.491296,8,8
44_1,8,0,8,0.49991822,0.44210973,4,8
325_3,1,1,1,0.4217658,0.5428132,0,1
325_53,1,2,1,0.42230222,0.54650444,0,1
294_30,2,0,2,0.67499995,0.53351194,7,2
289_56,8,0,8,0.5057791,0.47651613,7,8
125_8,4,2,4,0.47108275,0.44642156,5,4
143_2,3,1,3,0.39608496,0.38881642,5,3
306_20,8,2,8,0.48293224,0.51559484,0,8
27_19,2,0,2,0.6235739,0.44138867,5,2
70_22,8,1,8,0.43913493,0.46216804,8,8
294_35,8,1,8,0.48296604,0.44106233,7,8
289_66,8,1,8,0.4642591,0.46872848,7,8
294_47,8,0,8,0.50299275,0.43706122,7,8
308_6,8,1,8,0.46070182,0.4773675,7,8
86_28,8,2,8,0.4588725,0.52019334,9,8
86_54,8,0,8,0.5171864,0.5232756,9,8
325_17,1,2,1,0.3850376,0.62771904,0,1
55_10,8,1,8,0.44387513,0.5320642,8,8
239_2,2,0,2,0.55636525,0.4572894,6,2
5_4,8,0,8,0.51474214,0.45259714,6,8
294_43,8,0,8,0.4815998,0.45136267,7,8
335_8,8,1,8,0.4777915,0.45395106,5,8
306_18,1,2,1,0.4415731,0.52390563,0,1
154_4,8,2,8,0.50964314,0.49108627,2,8
181_1,3,1,3,0.38396502,0.45150188,0,3
44_16,2,0,2,0.55103016,0.49143785,4,2
320_17,1,2,1,0.37942028,0.56582296,2,1
54_8,2,0,2,0.5621239,0.46775147,5,2
294_33,8,1,8,0.40530363,0.49630794,7,8
325_27,1,1,1,0.3944777,0.55123115,0,1
298_1,2,0,2,0.5156828,0.4297882,7,2
325_43,1,2,1,0.3764323,0.6265441,0,1
314_4,8,1,8,0.39556143,0.4664143,3,8
115_2,8,2,8,0.48985898,0.49634987,2,8
27_11,2,0,2,0.66865027,0.49902052,5,2
320_5,8,2,8,0.42421368,0.5218657,2,8
31_7,2,0,2,0.5658734,0.4977674,7,2
179_5,2,0,2,0.5345337,0.44032842,4,2
45_6,2,0,2,0.47787544,0.50313324,8,2
298_56,1,1,1,0.4387699,0.5129483,7,1
154_10,8,1,8,0.52076745,0.5388262,2,8
53_28,2,0,2,0.51731545,0.49551892,8,2
298_38,3,1,3,0.43196544,0.38869053,7,3
333_1,8,2,8,0.47349483,0.5150845,2,8
314_2,2,1,2,0.59503627,0.43322685,3,2
86_50,8,0,8,0.5199541,0.5235472,9,8
314_5,8,1,8,0.3781212,0.44153023,3,8
53_30,8,1,8,0.43326592,0.47051376,8,8
294_44,2,0,2,0.62754834,0.47488195,7,2
81_24,5,1,5,0.47920904,0.5563106,6,5
44_26,8,0,8,0.5056987,0.45890704,4,8
222_16,8,0,8,0.49507618,0.49903053,4,8
289_38,8,0,8,0.52000165,0.48160607,7,8
298_50,5,1,5,0.4361488,0.57248485,7,5
333_2,8,1,8,0.4276432,0.4130252,2,8
199_3,1,2,1,0.4230228,0.5141088,0,1
45_4,8,0,8,0.512545,0.4732484,8,8
289_43,8,0,8,0.5113571,0.46929944,7,8
81_21,8,1,8,0.41456807,0.427172,6,8
325_18,1,2,1,0.38670632,0.59125316,0,1
152_4,8,2,8,0.52288216,0.48256662,2,8
157_10,8,2,8,0.44786918,0.5126579,0,8
125_5,1,1,1,0.40502498,0.4722302,5,1
325_7,4,2,4,0.3871528,0.55912113,0,4
289_60,2,0,2,0.5401561,0.4536568,7,2
306_2,8,2,8,0.45456693,0.50275326,0,8
31_8,2,0,2,0.5560614,0.51267874,7,2
289_27,8,0,8,0.5009572,0.46157297,7,8
325_30,1,2,1,0.43599465,0.55296355,0,1
294_6,2,1,2,0.5500972,0.47333384,7,2
289_13,8,0,8,0.4596217,0.48993343,7,8
294_14,8,1,8,0.38193023,0.54990137,7,8
131_5,8,1,8,0.47163972,0.37450805,5,8
289_6,8,0,8,0.47636783,0.51279455,7,8
150_1,8,2,8,0.44958806,0.49223402,2,8
11_15,2,0,2,0.52638793,0.4931272,8,2
298_49,1,1,1,0.40970334,0.51493937,7,1
294_36,2,0,2,0.56512123,0.47086108,7,2
289_31,8,0,8,0.5117708,0.482013,7,8
298_31,8,1,8,0.4227184,0.41570994,7,8
54_7,2,0,2,0.57047504,0.44634384,5,2
86_32,8,2,8,0.4750459,0.5192936,9,8
190_2,8,2,8,0.46499354,0.46407026,0,8
325_32,1,1,1,0.4134581,0.5619074,0,1
274_7,8,1,8,0.38807032,0.43845534,6,8
55_25,8,1,8,0.45521322,0.53472054,8,8
1_2,8,2,8,0.5062207,0.48418385,9,8
294_41,3,1,3,0.38014835,0.47438574,7,3
159_6,8,1,8,0.4757573,0.47820783,0,8
45_2,2,0,2,0.48820767,0.5168206,8,2
44_23,2,0,2,0.5605257,0.47646892,4,2
86_14,8,0,8,0.51050586,0.5043719,9,8
251_2,8,1,8,0.42503074,0.4535709,6,8
222_17,8,0,8,0.5013565,0.49516958,4,8
70_29,2,0,2,0.5127144,0.4525113,8,2
181_8,3,2,3,0.4042477,0.38939607,0,3
154_3,8,2,8,0.490502,0.42182374,2,8
239_7,8,0,8,0.49566904,0.44895476,6,8
5_14,2,0,2,0.51618034,0.5212465,6,2
115_9,8,2,8,0.45659184,0.46497932,2,8
298_7,8,1,8,0.49204445,0.4178974,7,8
70_15,8,1,8,0.47435737,0.4614095,8,8
222_5,2,0,2,0.59400636,0.48573133,4,2
53_5,2,1,2,0.53289855,0.44442746,8,2
335_4,1,1,1,0.40565482,0.6031797,5,1
53_47,8,0,8,0.4946529,0.47675157,8,8
70_10,8,1,8,0.47687766,0.4753247,8,8
298_3,8,1,8,0.4351688,0.46762672,7,8
86_2,8,0,8,0.50229347,0.51278883,9,8
53_12,8,0,8,0.45262438,0.47295046,8,8
284_6,2,0,2,0.5594021,0.41780955,7,2
162_4,1,2,1,0.39592618,0.5459984,0,1
332_2,8,2,8,0.49651405,0.47249407,2,8
11_3,8,0,8,0.49424857,0.4570136,8,8
308_7,8,1,8,0.49701178,0.44498774,7,8
325_12,1,2,1,0.43070585,0.50219506,0,1
239_4,2,0,2,0.52720803,0.45244896,6,2
55_17,5,1,5,0.46986324,0.54780453,8,5
99_6,2,1,2,0.6114609,0.49036968,0,2
115_5,8,2,8,0.47724387,0.46958008,2,8
289_63,8,0,8,0.5046858,0.4615746,7,8
308_8,2,1,2,0.50718915,0.46352202,7,2
298_19,5,1,5,0.45579714,0.5860808,7,5
55_7,8,1,8,0.47965664,0.4951248,8,8
274_6,1,1,1,0.4070562,0.471185,6,1
325_13,1,2,1,0.39280602,0.50350827,0,1
